record_id,redcap_repeat_instrument,redcap_repeat_instance,gel_prop_data_url,gel_prop_expt_date,gel_prop_mhc_alpha,gel_prop_spec_number,gel_prop_region
0DC6E,gel_proportion,new,https://mynotebook.labarchives.com/ODc1MzE3LjN8NjczMzIxLzY3MzMyMS9Ob3RlYm9vay8xODUwMTQ0MDMyfDIyMjE5NTkuMw==/page/1609902-732,2025-07-24,0.193614389186248,50999.4,14
0DC6E,gel_proportion,new,https://mynotebook.labarchives.com/ODc1MzE3LjN8NjczMzIxLzY3MzMyMS9Ob3RlYm9vay8xODUwMTQ0MDMyfDIyMjE5NTkuMw==/page/1609902-732,2025-07-24,0.293299838802466,51007.5,
0DC6E,gel_proportion,new,https://mynotebook.labarchives.com/ODc1MzE3LjN8NjczMzIxLzY3MzMyMS9Ob3RlYm9vay8xODUwMTQ0MDMyfDIyMjE5NTkuMw==/page/1609902-732,2025-08-19,2.92805480288466e-10,50999.4,14
0DC6E,gel_proportion,new,https://mynotebook.labarchives.com/ODc1MzE3LjN8NjczMzIxLzY3MzMyMS9Ob3RlYm9vay8xODUwMTQ0MDMyfDIyMjE5NTkuMw==/page/1609902-732,2025-08-19,0.655402932538684,51007.5,
2256F,gel_proportion,new,https://mynotebook.labarchives.com/ODc1MzE3LjN8NjczMzIxLzY3MzMyMS9Ob3RlYm9vay8xODUwMTQ0MDMyfDIyMjE5NTkuMw==/page/1609902-732,2025-07-24,0.00539710931800017,84337.1,14
2256F,gel_proportion,new,https://mynotebook.labarchives.com/ODc1MzE3LjN8NjczMzIxLzY3MzMyMS9Ob3RlYm9vay8xODUwMTQ0MDMyfDIyMjE5NTkuMw==/page/1609902-732,2025-07-24,0.272813464426913,84331.3,
2256F,gel_proportion,new,https://mynotebook.labarchives.com/ODc1MzE3LjN8NjczMzIxLzY3MzMyMS9Ob3RlYm9vay8xODUwMTQ0MDMyfDIyMjE5NTkuMw==/page/1609902-732,2025-08-19,9.57296986179372e-10,84337.1,14
2256F,gel_proportion,new,https://mynotebook.labarchives.com/ODc1MzE3LjN8NjczMzIxLzY3MzMyMS9Ob3RlYm9vay8xODUwMTQ0MDMyfDIyMjE5NTkuMw==/page/1609902-732,2025-08-19,0.690579272654937,84331.3,
2508D,gel_proportion,new,https://mynotebook.labarchives.com/ODc1MzE3LjN8NjczMzIxLzY3MzMyMS9Ob3RlYm9vay8xODUwMTQ0MDMyfDIyMjE5NTkuMw==/page/1609902-732,2025-07-24,2.43058099878553e-14,53216.8,14
2508D,gel_proportion,new,https://mynotebook.labarchives.com/ODc1MzE3LjN8NjczMzIxLzY3MzMyMS9Ob3RlYm9vay8xODUwMTQ0MDMyfDIyMjE5NTkuMw==/page/1609902-732,2025-07-24,0.595143307097623,53221.6,
2508D,gel_proportion,new,https://mynotebook.labarchives.com/ODc1MzE3LjN8NjczMzIxLzY3MzMyMS9Ob3RlYm9vay8xODUwMTQ0MDMyfDIyMjE5NTkuMw==/page/1609902-732,2025-08-19,1.24995506708762e-13,53216.8,14
2508D,gel_proportion,new,https://mynotebook.labarchives.com/ODc1MzE3LjN8NjczMzIxLzY3MzMyMS9Ob3RlYm9vay8xODUwMTQ0MDMyfDIyMjE5NTkuMw==/page/1609902-732,2025-08-19,0.257895178216442,53221.6,
2B487,gel_proportion,new,https://mynotebook.labarchives.com/ODc1MzE3LjN8NjczMzIxLzY3MzMyMS9Ob3RlYm9vay8xODUwMTQ0MDMyfDIyMjE5NTkuMw==/page/1609902-732,2025-07-24,5.92286411059876e-15,53057.7,14
2B487,gel_proportion,new,https://mynotebook.labarchives.com/ODc1MzE3LjN8NjczMzIxLzY3MzMyMS9Ob3RlYm9vay8xODUwMTQ0MDMyfDIyMjE5NTkuMw==/page/1609902-732,2025-07-24,0.999999999999875,53062.1,
2B487,gel_proportion,new,https://mynotebook.labarchives.com/ODc1MzE3LjN8NjczMzIxLzY3MzMyMS9Ob3RlYm9vay8xODUwMTQ0MDMyfDIyMjE5NTkuMw==/page/1609902-732,2025-08-19,1.02442983604223e-11,53057.7,14
2B487,gel_proportion,new,https://mynotebook.labarchives.com/ODc1MzE3LjN8NjczMzIxLzY3MzMyMS9Ob3RlYm9vay8xODUwMTQ0MDMyfDIyMjE5NTkuMw==/page/1609902-732,2025-08-19,0.999999999275304,53062.1,
2D65C,gel_proportion,new,https://mynotebook.labarchives.com/ODc1MzE3LjN8NjczMzIxLzY3MzMyMS9Ob3RlYm9vay8xODUwMTQ0MDMyfDIyMjE5NTkuMw==/page/1609902-732,2025-07-24,0.00204384799985678,73625.6,14
2D65C,gel_proportion,new,https://mynotebook.labarchives.com/ODc1MzE3LjN8NjczMzIxLzY3MzMyMS9Ob3RlYm9vay8xODUwMTQ0MDMyfDIyMjE5NTkuMw==/page/1609902-732,2025-07-24,0.67681079031538,73631.2,
2D65C,gel_proportion,new,https://mynotebook.labarchives.com/ODc1MzE3LjN8NjczMzIxLzY3MzMyMS9Ob3RlYm9vay8xODUwMTQ0MDMyfDIyMjE5NTkuMw==/page/1609902-732,2025-08-19,0.000729345131257109,73625.6,14
2D65C,gel_proportion,new,https://mynotebook.labarchives.com/ODc1MzE3LjN8NjczMzIxLzY3MzMyMS9Ob3RlYm9vay8xODUwMTQ0MDMyfDIyMjE5NTkuMw==/page/1609902-732,2025-08-19,0.782559960028699,73631.2,
2DDC0,gel_proportion,new,https://mynotebook.labarchives.com/ODc1MzE3LjN8NjczMzIxLzY3MzMyMS9Ob3RlYm9vay8xODUwMTQ0MDMyfDIyMjE5NTkuMw==/page/1609902-732,2025-07-24,0.159628690899349,90609.1,14
2DDC0,gel_proportion,new,https://mynotebook.labarchives.com/ODc1MzE3LjN8NjczMzIxLzY3MzMyMS9Ob3RlYm9vay8xODUwMTQ0MDMyfDIyMjE5NTkuMw==/page/1609902-732,2025-07-24,0.914386591076778,90617.1,
2DDC0,gel_proportion,new,https://mynotebook.labarchives.com/ODc1MzE3LjN8NjczMzIxLzY3MzMyMS9Ob3RlYm9vay8xODUwMTQ0MDMyfDIyMjE5NTkuMw==/page/1609902-732,2025-08-19,0.0812525810507152,90609.1,14
2DDC0,gel_proportion,new,https://mynotebook.labarchives.com/ODc1MzE3LjN8NjczMzIxLzY3MzMyMS9Ob3RlYm9vay8xODUwMTQ0MDMyfDIyMjE5NTkuMw==/page/1609902-732,2025-08-19,0.922675519639883,90617.1,
30B2B,gel_proportion,new,https://mynotebook.labarchives.com/ODc1MzE3LjN8NjczMzIxLzY3MzMyMS9Ob3RlYm9vay8xODUwMTQ0MDMyfDIyMjE5NTkuMw==/page/1609902-732,2025-07-24,0.00257051334361862,92740.1,14
30B2B,gel_proportion,new,https://mynotebook.labarchives.com/ODc1MzE3LjN8NjczMzIxLzY3MzMyMS9Ob3RlYm9vay8xODUwMTQ0MDMyfDIyMjE5NTkuMw==/page/1609902-732,2025-07-24,0.205410951532381,92748.2,
30B2B,gel_proportion,new,https://mynotebook.labarchives.com/ODc1MzE3LjN8NjczMzIxLzY3MzMyMS9Ob3RlYm9vay8xODUwMTQ0MDMyfDIyMjE5NTkuMw==/page/1609902-732,2025-08-19,1.65540846890859e-10,92740.1,14
30B2B,gel_proportion,new,https://mynotebook.labarchives.com/ODc1MzE3LjN8NjczMzIxLzY3MzMyMS9Ob3RlYm9vay8xODUwMTQ0MDMyfDIyMjE5NTkuMw==/page/1609902-732,2025-08-19,0.181527497108857,92748.2,
5245C,gel_proportion,new,https://mynotebook.labarchives.com/ODc1MzE3LjN8NjczMzIxLzY3MzMyMS9Ob3RlYm9vay8xODUwMTQ0MDMyfDIyMjE5NTkuMw==/page/1609902-732,2025-07-26,3.06359780431466e-09,93068.3,14
5245C,gel_proportion,new,https://mynotebook.labarchives.com/ODc1MzE3LjN8NjczMzIxLzY3MzMyMS9Ob3RlYm9vay8xODUwMTQ0MDMyfDIyMjE5NTkuMw==/page/1609902-732,2025-07-26,0.798800370818302,93075.1,
5245C,gel_proportion,new,https://mynotebook.labarchives.com/ODc1MzE3LjN8NjczMzIxLzY3MzMyMS9Ob3RlYm9vay8xODUwMTQ0MDMyfDIyMjE5NTkuMw==/page/1609902-732,2025-08-19,3.50848854500206e-09,93068.3,14
5245C,gel_proportion,new,https://mynotebook.labarchives.com/ODc1MzE3LjN8NjczMzIxLzY3MzMyMS9Ob3RlYm9vay8xODUwMTQ0MDMyfDIyMjE5NTkuMw==/page/1609902-732,2025-08-19,0.804103333683352,93075.1,
5845F,gel_proportion,new,https://mynotebook.labarchives.com/ODc1MzE3LjN8NjczMzIxLzY3MzMyMS9Ob3RlYm9vay8xODUwMTQ0MDMyfDIyMjE5NTkuMw==/page/1609902-732,2025-07-24,8.82357501628989e-14,57355.5,14
5845F,gel_proportion,new,https://mynotebook.labarchives.com/ODc1MzE3LjN8NjczMzIxLzY3MzMyMS9Ob3RlYm9vay8xODUwMTQ0MDMyfDIyMjE5NTkuMw==/page/1609902-732,2025-07-24,0.700302921097342,57360.2,
5845F,gel_proportion,new,https://mynotebook.labarchives.com/ODc1MzE3LjN8NjczMzIxLzY3MzMyMS9Ob3RlYm9vay8xODUwMTQ0MDMyfDIyMjE5NTkuMw==/page/1609902-732,2025-08-19,3.96865726922562e-10,57355.5,14
5845F,gel_proportion,new,https://mynotebook.labarchives.com/ODc1MzE3LjN8NjczMzIxLzY3MzMyMS9Ob3RlYm9vay8xODUwMTQ0MDMyfDIyMjE5NTkuMw==/page/1609902-732,2025-08-19,0.743937647699562,57360.2,
9664E,gel_proportion,new,https://mynotebook.labarchives.com/ODc1MzE3LjN8NjczMzIxLzY3MzMyMS9Ob3RlYm9vay8xODUwMTQ0MDMyfDIyMjE5NTkuMw==/page/1609902-732,2025-07-26,2.53506275054706e-10,51489.5,14
9664E,gel_proportion,new,https://mynotebook.labarchives.com/ODc1MzE3LjN8NjczMzIxLzY3MzMyMS9Ob3RlYm9vay8xODUwMTQ0MDMyfDIyMjE5NTkuMw==/page/1609902-732,2025-07-26,0.758628112676876,51494.1,
9664E,gel_proportion,new,https://mynotebook.labarchives.com/ODc1MzE3LjN8NjczMzIxLzY3MzMyMS9Ob3RlYm9vay8xODUwMTQ0MDMyfDIyMjE5NTkuMw==/page/1609902-732,2025-08-19,6.92083793795296e-12,51489.5,14
9664E,gel_proportion,new,https://mynotebook.labarchives.com/ODc1MzE3LjN8NjczMzIxLzY3MzMyMS9Ob3RlYm9vay8xODUwMTQ0MDMyfDIyMjE5NTkuMw==/page/1609902-732,2025-08-19,0.738828763302755,51494.1,
AF1FF,gel_proportion,new,https://mynotebook.labarchives.com/ODc1MzE3LjN8NjczMzIxLzY3MzMyMS9Ob3RlYm9vay8xODUwMTQ0MDMyfDIyMjE5NTkuMw==/page/1609902-732,2025-07-26,0.000539261957831457,52794.2,14
AF1FF,gel_proportion,new,https://mynotebook.labarchives.com/ODc1MzE3LjN8NjczMzIxLzY3MzMyMS9Ob3RlYm9vay8xODUwMTQ0MDMyfDIyMjE5NTkuMw==/page/1609902-732,2025-07-26,0.370754134638174,52800.3,
AF1FF,gel_proportion,new,https://mynotebook.labarchives.com/ODc1MzE3LjN8NjczMzIxLzY3MzMyMS9Ob3RlYm9vay8xODUwMTQ0MDMyfDIyMjE5NTkuMw==/page/1609902-732,2025-08-19,4.2031686144353e-08,52794.2,14
AF1FF,gel_proportion,new,https://mynotebook.labarchives.com/ODc1MzE3LjN8NjczMzIxLzY3MzMyMS9Ob3RlYm9vay8xODUwMTQ0MDMyfDIyMjE5NTkuMw==/page/1609902-732,2025-08-19,0.428814826889396,52800.3,
B23E3,gel_proportion,new,https://mynotebook.labarchives.com/ODc1MzE3LjN8NjczMzIxLzY3MzMyMS9Ob3RlYm9vay8xODUwMTQ0MDMyfDIyMjE5NTkuMw==/page/1609902-732,2025-07-26,3.95702877642771e-09,52776.6,14
B23E3,gel_proportion,new,https://mynotebook.labarchives.com/ODc1MzE3LjN8NjczMzIxLzY3MzMyMS9Ob3RlYm9vay8xODUwMTQ0MDMyfDIyMjE5NTkuMw==/page/1609902-732,2025-07-26,0.838211253925686,52781.1,
B23E3,gel_proportion,new,https://mynotebook.labarchives.com/ODc1MzE3LjN8NjczMzIxLzY3MzMyMS9Ob3RlYm9vay8xODUwMTQ0MDMyfDIyMjE5NTkuMw==/page/1609902-732,2025-08-19,3.43703559626175e-12,52776.6,14
B23E3,gel_proportion,new,https://mynotebook.labarchives.com/ODc1MzE3LjN8NjczMzIxLzY3MzMyMS9Ob3RlYm9vay8xODUwMTQ0MDMyfDIyMjE5NTkuMw==/page/1609902-732,2025-08-19,0.832965878628736,52781.1,
BC90C,gel_proportion,new,https://mynotebook.labarchives.com/ODc1MzE3LjN8NjczMzIxLzY3MzMyMS9Ob3RlYm9vay8xODUwMTQ0MDMyfDIyMjE5NTkuMw==/page/1609902-732,2025-07-26,0.230556672947652,53078.6,14
BC90C,gel_proportion,new,https://mynotebook.labarchives.com/ODc1MzE3LjN8NjczMzIxLzY3MzMyMS9Ob3RlYm9vay8xODUwMTQ0MDMyfDIyMjE5NTkuMw==/page/1609902-732,2025-07-26,0.999999989159322,53083.5,
BC90C,gel_proportion,new,https://mynotebook.labarchives.com/ODc1MzE3LjN8NjczMzIxLzY3MzMyMS9Ob3RlYm9vay8xODUwMTQ0MDMyfDIyMjE5NTkuMw==/page/1609902-732,2025-08-19,0.121307195539406,53078.6,14
BC90C,gel_proportion,new,https://mynotebook.labarchives.com/ODc1MzE3LjN8NjczMzIxLzY3MzMyMS9Ob3RlYm9vay8xODUwMTQ0MDMyfDIyMjE5NTkuMw==/page/1609902-732,2025-08-19,0.785128233584711,53083.5,
BE318,gel_proportion,new,https://mynotebook.labarchives.com/ODc1MzE3LjN8NjczMzIxLzY3MzMyMS9Ob3RlYm9vay8xODUwMTQ0MDMyfDIyMjE5NTkuMw==/page/1609902-732,2025-07-26,1.7530013319312e-07,91065.6,14
BE318,gel_proportion,new,https://mynotebook.labarchives.com/ODc1MzE3LjN8NjczMzIxLzY3MzMyMS9Ob3RlYm9vay8xODUwMTQ0MDMyfDIyMjE5NTkuMw==/page/1609902-732,2025-07-26,0.843559187182557,91071.1,
BE318,gel_proportion,new,https://mynotebook.labarchives.com/ODc1MzE3LjN8NjczMzIxLzY3MzMyMS9Ob3RlYm9vay8xODUwMTQ0MDMyfDIyMjE5NTkuMw==/page/1609902-732,2025-08-19,7.22049012242938e-08,91065.6,14
BE318,gel_proportion,new,https://mynotebook.labarchives.com/ODc1MzE3LjN8NjczMzIxLzY3MzMyMS9Ob3RlYm9vay8xODUwMTQ0MDMyfDIyMjE5NTkuMw==/page/1609902-732,2025-08-19,0.911660839656844,91071.1,
D6A67,gel_proportion,new,https://mynotebook.labarchives.com/ODc1MzE3LjN8NjczMzIxLzY3MzMyMS9Ob3RlYm9vay8xODUwMTQ0MDMyfDIyMjE5NTkuMw==/page/1609902-732,2025-07-26,3.54956795761141e-09,51976.3,14
D6A67,gel_proportion,new,https://mynotebook.labarchives.com/ODc1MzE3LjN8NjczMzIxLzY3MzMyMS9Ob3RlYm9vay8xODUwMTQ0MDMyfDIyMjE5NTkuMw==/page/1609902-732,2025-07-26,0.949032203053152,50228.1,
D6A67,gel_proportion,new,https://mynotebook.labarchives.com/ODc1MzE3LjN8NjczMzIxLzY3MzMyMS9Ob3RlYm9vay8xODUwMTQ0MDMyfDIyMjE5NTkuMw==/page/1609902-732,2025-08-19,7.10562838878581e-09,51976.3,14
D6A67,gel_proportion,new,https://mynotebook.labarchives.com/ODc1MzE3LjN8NjczMzIxLzY3MzMyMS9Ob3RlYm9vay8xODUwMTQ0MDMyfDIyMjE5NTkuMw==/page/1609902-732,2025-08-19,0.878331327572949,50228.1,
DFEFA,gel_proportion,new,https://mynotebook.labarchives.com/ODc1MzE3LjN8NjczMzIxLzY3MzMyMS9Ob3RlYm9vay8xODUwMTQ0MDMyfDIyMjE5NTkuMw==/page/1609902-732,2025-07-26,1.1625770404934e-07,51507.3,14
DFEFA,gel_proportion,new,https://mynotebook.labarchives.com/ODc1MzE3LjN8NjczMzIxLzY3MzMyMS9Ob3RlYm9vay8xODUwMTQ0MDMyfDIyMjE5NTkuMw==/page/1609902-732,2025-07-26,0.289415674159276,51513.2,
DFEFA,gel_proportion,new,https://mynotebook.labarchives.com/ODc1MzE3LjN8NjczMzIxLzY3MzMyMS9Ob3RlYm9vay8xODUwMTQ0MDMyfDIyMjE5NTkuMw==/page/1609902-732,2025-08-19,2.7299959772768e-08,51507.3,14
DFEFA,gel_proportion,new,https://mynotebook.labarchives.com/ODc1MzE3LjN8NjczMzIxLzY3MzMyMS9Ob3RlYm9vay8xODUwMTQ0MDMyfDIyMjE5NTkuMw==/page/1609902-732,2025-08-19,4.22436935151713e-09,51513.2,
FAC13,gel_proportion,new,https://mynotebook.labarchives.com/ODc1MzE3LjN8NjczMzIxLzY3MzMyMS9Ob3RlYm9vay8xODUwMTQ0MDMyfDIyMjE5NTkuMw==/page/1609902-732,2025-07-26,0.172419915313486,55061.4,14
FAC13,gel_proportion,new,https://mynotebook.labarchives.com/ODc1MzE3LjN8NjczMzIxLzY3MzMyMS9Ob3RlYm9vay8xODUwMTQ0MDMyfDIyMjE5NTkuMw==/page/1609902-732,2025-07-26,0.82540416435646,55066.2,
FCFAD,gel_proportion,new,https://mynotebook.labarchives.com/ODc1MzE3LjN8NjczMzIxLzY3MzMyMS9Ob3RlYm9vay8xODUwMTQ0MDMyfDIyMjE5NTkuMw==/page/1609902-732,2025-07-26,1.17455358962824e-09,68630.8,14
FCFAD,gel_proportion,new,https://mynotebook.labarchives.com/ODc1MzE3LjN8NjczMzIxLzY3MzMyMS9Ob3RlYm9vay8xODUwMTQ0MDMyfDIyMjE5NTkuMw==/page/1609902-732,2025-07-26,0.839595041115623,68636.2,
