record_id,redcap_repeat_instrument,redcap_repeat_instance,gel_phos_data_url,gel_phos_expt_date,gel_phos_mybpc_s273_rel,gel_phos_spec_number,gel_phos_region
E39DD,gel_phosphorylation,new,https://mynotebook.labarchives.com/ODc1MzE3LjN8NjczMzIxLzY3MzMyMS9Ob3RlYm9vay8xODUwMTQ0MDMyfDIyMjE5NTkuMw==/page/1609902-730,2025-11-20,1.23344783532383,105169.1,15
839EE,gel_phosphorylation,new,https://mynotebook.labarchives.com/ODc1MzE3LjN8NjczMzIxLzY3MzMyMS9Ob3RlYm9vay8xODUwMTQ0MDMyfDIyMjE5NTkuMw==/page/1609902-730,2025-11-20,0.755527330488038,51851.2,14
31331,gel_phosphorylation,new,https://mynotebook.labarchives.com/ODc1MzE3LjN8NjczMzIxLzY3MzMyMS9Ob3RlYm9vay8xODUwMTQ0MDMyfDIyMjE5NTkuMw==/page/1609902-730,2025-11-20,0.670078497998032,52617.8,15
4B3FA,gel_phosphorylation,new,https://mynotebook.labarchives.com/ODc1MzE3LjN8NjczMzIxLzY3MzMyMS9Ob3RlYm9vay8xODUwMTQ0MDMyfDIyMjE5NTkuMw==/page/1609902-730,2025-11-20,0.680443539550001,52854.1,15
BC90C,gel_phosphorylation,new,https://mynotebook.labarchives.com/ODc1MzE3LjN8NjczMzIxLzY3MzMyMS9Ob3RlYm9vay8xODUwMTQ0MDMyfDIyMjE5NTkuMw==/page/1609902-730,2025-11-20,0.62703803720634,53080.2,13
78952,gel_phosphorylation,new,https://mynotebook.labarchives.com/ODc1MzE3LjN8NjczMzIxLzY3MzMyMS9Ob3RlYm9vay8xODUwMTQ0MDMyfDIyMjE5NTkuMw==/page/1609902-730,2025-11-20,0.64878306651822,53130.6,13
B54F0,gel_phosphorylation,new,https://mynotebook.labarchives.com/ODc1MzE3LjN8NjczMzIxLzY3MzMyMS9Ob3RlYm9vay8xODUwMTQ0MDMyfDIyMjE5NTkuMw==/page/1609902-730,2025-11-20,0.670740589279255,54206.1,15
24713,gel_phosphorylation,new,https://mynotebook.labarchives.com/ODc1MzE3LjN8NjczMzIxLzY3MzMyMS9Ob3RlYm9vay8xODUwMTQ0MDMyfDIyMjE5NTkuMw==/page/1609902-730,2025-11-20,0.979837753643895,54352.2,11
EC021,gel_phosphorylation,new,https://mynotebook.labarchives.com/ODc1MzE3LjN8NjczMzIxLzY3MzMyMS9Ob3RlYm9vay8xODUwMTQ0MDMyfDIyMjE5NTkuMw==/page/1609902-730,2025-11-20,0.549253897076571,90601.1,15
02B37,gel_phosphorylation,new,https://mynotebook.labarchives.com/ODc1MzE3LjN8NjczMzIxLzY3MzMyMS9Ob3RlYm9vay8xODUwMTQ0MDMyfDIyMjE5NTkuMw==/page/1609902-730,2025-11-20,0.674789788188823,50380.2,13
E5A4A,gel_phosphorylation,new,https://mynotebook.labarchives.com/ODc1MzE3LjN8NjczMzIxLzY3MzMyMS9Ob3RlYm9vay8xODUwMTQ0MDMyfDIyMjE5NTkuMw==/page/1609902-730,2025-11-20,0.799087589109726,51911.2,15
B9727,gel_phosphorylation,new,https://mynotebook.labarchives.com/ODc1MzE3LjN8NjczMzIxLzY3MzMyMS9Ob3RlYm9vay8xODUwMTQ0MDMyfDIyMjE5NTkuMw==/page/1609902-730,2025-11-20,0.699511693758312,103726.1,15
43149,gel_phosphorylation,new,https://mynotebook.labarchives.com/ODc1MzE3LjN8NjczMzIxLzY3MzMyMS9Ob3RlYm9vay8xODUwMTQ0MDMyfDIyMjE5NTkuMw==/page/1609902-730,2025-11-20,0.759964100035327,51464.3,14
838CA,gel_phosphorylation,new,https://mynotebook.labarchives.com/ODc1MzE3LjN8NjczMzIxLzY3MzMyMS9Ob3RlYm9vay8xODUwMTQ0MDMyfDIyMjE5NTkuMw==/page/1609902-730,2025-11-20,0.728147360056016,51498.2,15
5F02C,gel_phosphorylation,new,https://mynotebook.labarchives.com/ODc1MzE3LjN8NjczMzIxLzY3MzMyMS9Ob3RlYm9vay8xODUwMTQ0MDMyfDIyMjE5NTkuMw==/page/1609902-730,2025-11-20,0.735341153214321,51891.1,14
F5D4A,gel_phosphorylation,new,https://mynotebook.labarchives.com/ODc1MzE3LjN8NjczMzIxLzY3MzMyMS9Ob3RlYm9vay8xODUwMTQ0MDMyfDIyMjE5NTkuMw==/page/1609902-730,2025-11-20,0.673770851259089,51941.2,15
8E214,gel_phosphorylation,new,https://mynotebook.labarchives.com/ODc1MzE3LjN8NjczMzIxLzY3MzMyMS9Ob3RlYm9vay8xODUwMTQ0MDMyfDIyMjE5NTkuMw==/page/1609902-730,2025-11-20,0.740082651299783,52789.3,15
5C0E4,gel_phosphorylation,new,https://mynotebook.labarchives.com/ODc1MzE3LjN8NjczMzIxLzY3MzMyMS9Ob3RlYm9vay8xODUwMTQ0MDMyfDIyMjE5NTkuMw==/page/1609902-730,2025-12-03,0.656597974110676,95620.3,15
B8D03,gel_phosphorylation,new,https://mynotebook.labarchives.com/ODc1MzE3LjN8NjczMzIxLzY3MzMyMS9Ob3RlYm9vay8xODUwMTQ0MDMyfDIyMjE5NTkuMw==/page/1609902-730,2025-12-03,0.316647728561982,98903.3,15
719B3,gel_phosphorylation,new,https://mynotebook.labarchives.com/ODc1MzE3LjN8NjczMzIxLzY3MzMyMS9Ob3RlYm9vay8xODUwMTQ0MDMyfDIyMjE5NTkuMw==/page/1609902-730,2025-12-03,0.566049570097949,98919.1,11
0F84D,gel_phosphorylation,new,https://mynotebook.labarchives.com/ODc1MzE3LjN8NjczMzIxLzY3MzMyMS9Ob3RlYm9vay8xODUwMTQ0MDMyfDIyMjE5NTkuMw==/page/1609902-730,2025-12-03,0.384318458345194,53136.3,15
E067B,gel_phosphorylation,new,https://mynotebook.labarchives.com/ODc1MzE3LjN8NjczMzIxLzY3MzMyMS9Ob3RlYm9vay8xODUwMTQ0MDMyfDIyMjE5NTkuMw==/page/1609902-730,2025-12-03,0.175658212901165,53142.5,15
B0018,gel_phosphorylation,new,https://mynotebook.labarchives.com/ODc1MzE3LjN8NjczMzIxLzY3MzMyMS9Ob3RlYm9vay8xODUwMTQ0MDMyfDIyMjE5NTkuMw==/page/1609902-730,2025-12-03,0.134388318881226,84840.1,15
6E1DD,gel_phosphorylation,new,https://mynotebook.labarchives.com/ODc1MzE3LjN8NjczMzIxLzY3MzMyMS9Ob3RlYm9vay8xODUwMTQ0MDMyfDIyMjE5NTkuMw==/page/1609902-730,2025-12-03,0.0194731973942303,86789.4,15
2508D,gel_phosphorylation,new,https://mynotebook.labarchives.com/ODc1MzE3LjN8NjczMzIxLzY3MzMyMS9Ob3RlYm9vay8xODUwMTQ0MDMyfDIyMjE5NTkuMw==/page/1609902-730,2025-04-30,10.69926971,53216.8,14
2B487,gel_phosphorylation,new,https://mynotebook.labarchives.com/ODc1MzE3LjN8NjczMzIxLzY3MzMyMS9Ob3RlYm9vay8xODUwMTQ0MDMyfDIyMjE5NTkuMw==/page/1609902-730,2025-04-30,19.08951068,53057.7,14
2DDC0,gel_phosphorylation,new,https://mynotebook.labarchives.com/ODc1MzE3LjN8NjczMzIxLzY3MzMyMS9Ob3RlYm9vay8xODUwMTQ0MDMyfDIyMjE5NTkuMw==/page/1609902-730,2025-04-30,23.13615961,90609.1,14
30B2B,gel_phosphorylation,new,https://mynotebook.labarchives.com/ODc1MzE3LjN8NjczMzIxLzY3MzMyMS9Ob3RlYm9vay8xODUwMTQ0MDMyfDIyMjE5NTkuMw==/page/1609902-730,2025-04-30,29.05536017,92740.1,14
5245C,gel_phosphorylation,new,https://mynotebook.labarchives.com/ODc1MzE3LjN8NjczMzIxLzY3MzMyMS9Ob3RlYm9vay8xODUwMTQ0MDMyfDIyMjE5NTkuMw==/page/1609902-730,2025-04-30,14.81651349,93068.3,14
B23E3,gel_phosphorylation,new,https://mynotebook.labarchives.com/ODc1MzE3LjN8NjczMzIxLzY3MzMyMS9Ob3RlYm9vay8xODUwMTQ0MDMyfDIyMjE5NTkuMw==/page/1609902-730,2025-04-30,8.379909353,52776.6,14
BC90C,gel_phosphorylation,new,https://mynotebook.labarchives.com/ODc1MzE3LjN8NjczMzIxLzY3MzMyMS9Ob3RlYm9vay8xODUwMTQ0MDMyfDIyMjE5NTkuMw==/page/1609902-730,2025-04-30,5.845375531,53078.6,14
BE318,gel_phosphorylation,new,https://mynotebook.labarchives.com/ODc1MzE3LjN8NjczMzIxLzY3MzMyMS9Ob3RlYm9vay8xODUwMTQ0MDMyfDIyMjE5NTkuMw==/page/1609902-730,2025-04-30,5.577424254,91065.6,14
2508D,gel_phosphorylation,new,https://mynotebook.labarchives.com/ODc1MzE3LjN8NjczMzIxLzY3MzMyMS9Ob3RlYm9vay8xODUwMTQ0MDMyfDIyMjE5NTkuMw==/page/1609902-730,2025-05-16,4.000112277,53221.6,
2B487,gel_phosphorylation,new,https://mynotebook.labarchives.com/ODc1MzE3LjN8NjczMzIxLzY3MzMyMS9Ob3RlYm9vay8xODUwMTQ0MDMyfDIyMjE5NTkuMw==/page/1609902-730,2025-05-16,7.511268394,53062.1,
2DDC0,gel_phosphorylation,new,https://mynotebook.labarchives.com/ODc1MzE3LjN8NjczMzIxLzY3MzMyMS9Ob3RlYm9vay8xODUwMTQ0MDMyfDIyMjE5NTkuMw==/page/1609902-730,2025-05-16,6.852530331,90617.1,
30B2B,gel_phosphorylation,new,https://mynotebook.labarchives.com/ODc1MzE3LjN8NjczMzIxLzY3MzMyMS9Ob3RlYm9vay8xODUwMTQ0MDMyfDIyMjE5NTkuMw==/page/1609902-730,2025-05-16,9.286745987,92748.2,
5245C,gel_phosphorylation,new,https://mynotebook.labarchives.com/ODc1MzE3LjN8NjczMzIxLzY3MzMyMS9Ob3RlYm9vay8xODUwMTQ0MDMyfDIyMjE5NTkuMw==/page/1609902-730,2025-05-16,8.279466838,51007.5,
B23E3,gel_phosphorylation,new,https://mynotebook.labarchives.com/ODc1MzE3LjN8NjczMzIxLzY3MzMyMS9Ob3RlYm9vay8xODUwMTQ0MDMyfDIyMjE5NTkuMw==/page/1609902-730,2025-05-16,6.522819929,84331.3,
BC90C,gel_phosphorylation,new,https://mynotebook.labarchives.com/ODc1MzE3LjN8NjczMzIxLzY3MzMyMS9Ob3RlYm9vay8xODUwMTQ0MDMyfDIyMjE5NTkuMw==/page/1609902-730,2025-05-16,9.722923509,73631.2,
BE318,gel_phosphorylation,new,https://mynotebook.labarchives.com/ODc1MzE3LjN8NjczMzIxLzY3MzMyMS9Ob3RlYm9vay8xODUwMTQ0MDMyfDIyMjE5NTkuMw==/page/1609902-730,2025-05-16,9.379483916,57360.2,
0DC6E,gel_phosphorylation,new,https://mynotebook.labarchives.com/ODc1MzE3LjN8NjczMzIxLzY3MzMyMS9Ob3RlYm9vay8xODUwMTQ0MDMyfDIyMjE5NTkuMw==/page/1609902-730,2025-04-30,1.012694984,50999.4,14
2256F,gel_phosphorylation,new,https://mynotebook.labarchives.com/ODc1MzE3LjN8NjczMzIxLzY3MzMyMS9Ob3RlYm9vay8xODUwMTQ0MDMyfDIyMjE5NTkuMw==/page/1609902-730,2025-04-30,1.166313692,84331.3,14
2D65C,gel_phosphorylation,new,https://mynotebook.labarchives.com/ODc1MzE3LjN8NjczMzIxLzY3MzMyMS9Ob3RlYm9vay8xODUwMTQ0MDMyfDIyMjE5NTkuMw==/page/1609902-730,2025-04-30,8.564282215,73625.6,14
5845F,gel_phosphorylation,new,https://mynotebook.labarchives.com/ODc1MzE3LjN8NjczMzIxLzY3MzMyMS9Ob3RlYm9vay8xODUwMTQ0MDMyfDIyMjE5NTkuMw==/page/1609902-730,2025-04-30,0.510235814,57355.5,14
9664E,gel_phosphorylation,new,https://mynotebook.labarchives.com/ODc1MzE3LjN8NjczMzIxLzY3MzMyMS9Ob3RlYm9vay8xODUwMTQ0MDMyfDIyMjE5NTkuMw==/page/1609902-730,2025-04-30,5.286674549,51489.5,14
AF1FF,gel_phosphorylation,new,https://mynotebook.labarchives.com/ODc1MzE3LjN8NjczMzIxLzY3MzMyMS9Ob3RlYm9vay8xODUwMTQ0MDMyfDIyMjE5NTkuMw==/page/1609902-730,2025-04-30,1.681611746,52794.2,14
D6A67,gel_phosphorylation,new,https://mynotebook.labarchives.com/ODc1MzE3LjN8NjczMzIxLzY3MzMyMS9Ob3RlYm9vay8xODUwMTQ0MDMyfDIyMjE5NTkuMw==/page/1609902-730,2025-04-30,8.510034433,51976.3,14
DFEFA,gel_phosphorylation,new,https://mynotebook.labarchives.com/ODc1MzE3LjN8NjczMzIxLzY3MzMyMS9Ob3RlYm9vay8xODUwMTQ0MDMyfDIyMjE5NTkuMw==/page/1609902-730,2025-04-30,1.301989085,51507.3,14
FAC13,gel_phosphorylation,new,https://mynotebook.labarchives.com/ODc1MzE3LjN8NjczMzIxLzY3MzMyMS9Ob3RlYm9vay8xODUwMTQ0MDMyfDIyMjE5NTkuMw==/page/1609902-730,2025-04-30,2.473788036,55061.4,14
FCFAD,gel_phosphorylation,new,https://mynotebook.labarchives.com/ODc1MzE3LjN8NjczMzIxLzY3MzMyMS9Ob3RlYm9vay8xODUwMTQ0MDMyfDIyMjE5NTkuMw==/page/1609902-730,2025-04-30,2.623780015,68630.8,14
0DC6E,gel_phosphorylation,new,https://mynotebook.labarchives.com/ODc1MzE3LjN8NjczMzIxLzY3MzMyMS9Ob3RlYm9vay8xODUwMTQ0MDMyfDIyMjE5NTkuMw==/page/1609902-730,2025-05-16,14.74046974,51494.1,
2256F,gel_phosphorylation,new,https://mynotebook.labarchives.com/ODc1MzE3LjN8NjczMzIxLzY3MzMyMS9Ob3RlYm9vay8xODUwMTQ0MDMyfDIyMjE5NTkuMw==/page/1609902-730,2025-05-16,1.23609635,93075.1,
2D65C,gel_phosphorylation,new,https://mynotebook.labarchives.com/ODc1MzE3LjN8NjczMzIxLzY3MzMyMS9Ob3RlYm9vay8xODUwMTQ0MDMyfDIyMjE5NTkuMw==/page/1609902-730,2025-05-16,8.487309378,52781.1,
5845F,gel_phosphorylation,new,https://mynotebook.labarchives.com/ODc1MzE3LjN8NjczMzIxLzY3MzMyMS9Ob3RlYm9vay8xODUwMTQ0MDMyfDIyMjE5NTkuMw==/page/1609902-730,2025-05-16,7.118709223,53083.5,
AF1FF,gel_phosphorylation,new,https://mynotebook.labarchives.com/ODc1MzE3LjN8NjczMzIxLzY3MzMyMS9Ob3RlYm9vay8xODUwMTQ0MDMyfDIyMjE5NTkuMw==/page/1609902-730,2025-05-16,6.445542896,52800.3,
D6A67,gel_phosphorylation,new,https://mynotebook.labarchives.com/ODc1MzE3LjN8NjczMzIxLzY3MzMyMS9Ob3RlYm9vay8xODUwMTQ0MDMyfDIyMjE5NTkuMw==/page/1609902-730,2025-05-16,3.101698185,50228.1,
DFEFA,gel_phosphorylation,new,https://mynotebook.labarchives.com/ODc1MzE3LjN8NjczMzIxLzY3MzMyMS9Ob3RlYm9vay8xODUwMTQ0MDMyfDIyMjE5NTkuMw==/page/1609902-730,2025-05-16,9.198187112,51513.2,
FAC13,gel_phosphorylation,new,https://mynotebook.labarchives.com/ODc1MzE3LjN8NjczMzIxLzY3MzMyMS9Ob3RlYm9vay8xODUwMTQ0MDMyfDIyMjE5NTkuMw==/page/1609902-730,2025-05-16,9.741854199,55066.2,
