record_id,redcap_repeat_instrument,redcap_repeat_instance,biochem_data_url,biochem_expt_date,biochem_hydroxy_ug_to_mg,biochem_spec_number,biochem_region
0B8CC,biochemistry,new,https://mynotebook.labarchives.com/ODc1MzE3LjN8NjczMzIxLzY3MzMyMS9Ob3RlYm9vay8xODUwMTQ0MDMyfDIyMjE5NTkuMw==/page/1609902-609,2024-03-26,3.791453263,50242.1,15
5537F,biochemistry,new,https://mynotebook.labarchives.com/ODc1MzE3LjN8NjczMzIxLzY3MzMyMS9Ob3RlYm9vay8xODUwMTQ0MDMyfDIyMjE5NTkuMw==/page/1609902-609,2024-01-24,13.39239988,50251.1,15
9444B,biochemistry,new,https://mynotebook.labarchives.com/ODc1MzE3LjN8NjczMzIxLzY3MzMyMS9Ob3RlYm9vay8xODUwMTQ0MDMyfDIyMjE5NTkuMw==/page/1609902-609,2024-01-23,21.38264628,50278.1,15
292B4,biochemistry,new,https://mynotebook.labarchives.com/ODc1MzE3LjN8NjczMzIxLzY3MzMyMS9Ob3RlYm9vay8xODUwMTQ0MDMyfDIyMjE5NTkuMw==/page/1609902-609,2024-01-24,3.683573473,54227.1,12
6E9D5,biochemistry,new,https://mynotebook.labarchives.com/ODc1MzE3LjN8NjczMzIxLzY3MzMyMS9Ob3RlYm9vay8xODUwMTQ0MDMyfDIyMjE5NTkuMw==/page/1609902-609,2024-03-27,9.302713325,50313.1,13
51575,biochemistry,new,https://mynotebook.labarchives.com/ODc1MzE3LjN8NjczMzIxLzY3MzMyMS9Ob3RlYm9vay8xODUwMTQ0MDMyfDIyMjE5NTkuMw==/page/1609902-609,2024-06-04,4.516971821,50391.2,15
BD6A6,biochemistry,new,https://mynotebook.labarchives.com/ODc1MzE3LjN8NjczMzIxLzY3MzMyMS9Ob3RlYm9vay8xODUwMTQ0MDMyfDIyMjE5NTkuMw==/page/1609902-609,2024-03-27,4.311385774,50538.2,15
ED275,biochemistry,new,https://mynotebook.labarchives.com/ODc1MzE3LjN8NjczMzIxLzY3MzMyMS9Ob3RlYm9vay8xODUwMTQ0MDMyfDIyMjE5NTkuMw==/page/1609902-609,2024-01-24,5.153377636,50823.2,15
5AD90,biochemistry,new,https://mynotebook.labarchives.com/ODc1MzE3LjN8NjczMzIxLzY3MzMyMS9Ob3RlYm9vay8xODUwMTQ0MDMyfDIyMjE5NTkuMw==/page/1609902-609,2024-01-24,5.560234059,54230.1,14
A4A2E,biochemistry,new,https://mynotebook.labarchives.com/ODc1MzE3LjN8NjczMzIxLzY3MzMyMS9Ob3RlYm9vay8xODUwMTQ0MDMyfDIyMjE5NTkuMw==/page/1609902-609,2024-01-23,7.712940435,50792.1,14
B4AD4,biochemistry,new,https://mynotebook.labarchives.com/ODc1MzE3LjN8NjczMzIxLzY3MzMyMS9Ob3RlYm9vay8xODUwMTQ0MDMyfDIyMjE5NTkuMw==/page/1609902-609,2024-01-24,6.638298628,50544.1,11
02E46,biochemistry,new,https://mynotebook.labarchives.com/ODc1MzE3LjN8NjczMzIxLzY3MzMyMS9Ob3RlYm9vay8xODUwMTQ0MDMyfDIyMjE5NTkuMw==/page/1609902-609,2024-03-27,15.12863486,50850.1,15
E3F7B,biochemistry,new,https://mynotebook.labarchives.com/ODc1MzE3LjN8NjczMzIxLzY3MzMyMS9Ob3RlYm9vay8xODUwMTQ0MDMyfDIyMjE5NTkuMw==/page/1609902-609,2024-03-27,5.623603745,50987.1,15
0DC6E,biochemistry,new,https://mynotebook.labarchives.com/ODc1MzE3LjN8NjczMzIxLzY3MzMyMS9Ob3RlYm9vay8xODUwMTQ0MDMyfDIyMjE5NTkuMw==/page/1609902-609,2024-03-27,1.10460232,51003.1,15
40840,biochemistry,new,https://mynotebook.labarchives.com/ODc1MzE3LjN8NjczMzIxLzY3MzMyMS9Ob3RlYm9vay8xODUwMTQ0MDMyfDIyMjE5NTkuMw==/page/1609902-609,2024-01-23,5.48818451,51223.1,15
311EB,biochemistry,new,https://mynotebook.labarchives.com/ODc1MzE3LjN8NjczMzIxLzY3MzMyMS9Ob3RlYm9vay8xODUwMTQ0MDMyfDIyMjE5NTkuMw==/page/1609902-609,2024-03-26,5.051844707,51230.4,15
06A91,biochemistry,new,https://mynotebook.labarchives.com/ODc1MzE3LjN8NjczMzIxLzY3MzMyMS9Ob3RlYm9vay8xODUwMTQ0MDMyfDIyMjE5NTkuMw==/page/1609902-609,2024-03-26,13.58080469,51236.7,15
5C0D5,biochemistry,new,https://mynotebook.labarchives.com/ODc1MzE3LjN8NjczMzIxLzY3MzMyMS9Ob3RlYm9vay8xODUwMTQ0MDMyfDIyMjE5NTkuMw==/page/1609902-609,2024-03-27,6.948340968,51317.2,15
EC172,biochemistry,new,https://mynotebook.labarchives.com/ODc1MzE3LjN8NjczMzIxLzY3MzMyMS9Ob3RlYm9vay8xODUwMTQ0MDMyfDIyMjE5NTkuMw==/page/1609902-609,2024-01-24,7.362066885,51736.1,12
D1701,biochemistry,new,https://mynotebook.labarchives.com/ODc1MzE3LjN8NjczMzIxLzY3MzMyMS9Ob3RlYm9vay8xODUwMTQ0MDMyfDIyMjE5NTkuMw==/page/1609902-609,2024-03-26,24.25509044,51435.2,15
22A6B,biochemistry,new,https://mynotebook.labarchives.com/ODc1MzE3LjN8NjczMzIxLzY3MzMyMS9Ob3RlYm9vay8xODUwMTQ0MDMyfDIyMjE5NTkuMw==/page/1609902-609,2024-03-26,5.704054566,51454.4,15
F4300,biochemistry,new,https://mynotebook.labarchives.com/ODc1MzE3LjN8NjczMzIxLzY3MzMyMS9Ob3RlYm9vay8xODUwMTQ0MDMyfDIyMjE5NTkuMw==/page/1609902-609,2024-03-26,4.619319672,51474.1,15
9664E,biochemistry,new,https://mynotebook.labarchives.com/ODc1MzE3LjN8NjczMzIxLzY3MzMyMS9Ob3RlYm9vay8xODUwMTQ0MDMyfDIyMjE5NTkuMw==/page/1609902-609,2024-01-23,5.28736193,51490.6,15
2A33D,biochemistry,new,https://mynotebook.labarchives.com/ODc1MzE3LjN8NjczMzIxLzY3MzMyMS9Ob3RlYm9vay8xODUwMTQ0MDMyfDIyMjE5NTkuMw==/page/1609902-609,2024-01-23,8.339878374,51501.5,15
B9320,biochemistry,new,https://mynotebook.labarchives.com/ODc1MzE3LjN8NjczMzIxLzY3MzMyMS9Ob3RlYm9vay8xODUwMTQ0MDMyfDIyMjE5NTkuMw==/page/1609902-609,2024-01-24,2.443060722,51734.1,12
105D6,biochemistry,new,https://mynotebook.labarchives.com/ODc1MzE3LjN8NjczMzIxLzY3MzMyMS9Ob3RlYm9vay8xODUwMTQ0MDMyfDIyMjE5NTkuMw==/page/1609902-609,2024-03-27,50.993194,51705.1,12
4E44A,biochemistry,new,https://mynotebook.labarchives.com/ODc1MzE3LjN8NjczMzIxLzY3MzMyMS9Ob3RlYm9vay8xODUwMTQ0MDMyfDIyMjE5NTkuMw==/page/1609902-609,2024-03-26,22.75776676,51707.1,12
08A03,biochemistry,new,https://mynotebook.labarchives.com/ODc1MzE3LjN8NjczMzIxLzY3MzMyMS9Ob3RlYm9vay8xODUwMTQ0MDMyfDIyMjE5NTkuMw==/page/1609902-609,2024-01-24,3.618835482,51515.3,15
3B2F6,biochemistry,new,https://mynotebook.labarchives.com/ODc1MzE3LjN8NjczMzIxLzY3MzMyMS9Ob3RlYm9vay8xODUwMTQ0MDMyfDIyMjE5NTkuMw==/page/1609902-609,2024-01-24,13.37956299,51333.3,15
E4DC9,biochemistry,new,https://mynotebook.labarchives.com/ODc1MzE3LjN8NjczMzIxLzY3MzMyMS9Ob3RlYm9vay8xODUwMTQ0MDMyfDIyMjE5NTkuMw==/page/1609902-609,2024-01-23,8.840238067,51737.1,12
E9EF4,biochemistry,new,https://mynotebook.labarchives.com/ODc1MzE3LjN8NjczMzIxLzY3MzMyMS9Ob3RlYm9vay8xODUwMTQ0MDMyfDIyMjE5NTkuMw==/page/1609902-609,2024-01-23,5.640880818,51738.1,12
046E7,biochemistry,new,https://mynotebook.labarchives.com/ODc1MzE3LjN8NjczMzIxLzY3MzMyMS9Ob3RlYm9vay8xODUwMTQ0MDMyfDIyMjE5NTkuMw==/page/1609902-609,2024-01-23,4.333152475,51751.1,12
4BC48,biochemistry,new,https://mynotebook.labarchives.com/ODc1MzE3LjN8NjczMzIxLzY3MzMyMS9Ob3RlYm9vay8xODUwMTQ0MDMyfDIyMjE5NTkuMw==/page/1609902-609,2024-01-23,6.88830989,51768.1,15
14B8B,biochemistry,new,https://mynotebook.labarchives.com/ODc1MzE3LjN8NjczMzIxLzY3MzMyMS9Ob3RlYm9vay8xODUwMTQ0MDMyfDIyMjE5NTkuMw==/page/1609902-609,2024-03-26,10.74344375,51781.2,15
81CD7,biochemistry,new,https://mynotebook.labarchives.com/ODc1MzE3LjN8NjczMzIxLzY3MzMyMS9Ob3RlYm9vay8xODUwMTQ0MDMyfDIyMjE5NTkuMw==/page/1609902-609,2024-01-23,4.685459664,51791.3,15
5F02C,biochemistry,new,https://mynotebook.labarchives.com/ODc1MzE3LjN8NjczMzIxLzY3MzMyMS9Ob3RlYm9vay8xODUwMTQ0MDMyfDIyMjE5NTkuMw==/page/1609902-609,2024-01-23,7.160705065,51891.1,14
B1069,biochemistry,new,https://mynotebook.labarchives.com/ODc1MzE3LjN8NjczMzIxLzY3MzMyMS9Ob3RlYm9vay8xODUwMTQ0MDMyfDIyMjE5NTkuMw==/page/1609902-609,2024-03-27,0.702414272,51898.1,13
A43D6,biochemistry,new,https://mynotebook.labarchives.com/ODc1MzE3LjN8NjczMzIxLzY3MzMyMS9Ob3RlYm9vay8xODUwMTQ0MDMyfDIyMjE5NTkuMw==/page/1609902-609,2024-03-27,10.98188134,51923.3,15
F5D4A,biochemistry,new,https://mynotebook.labarchives.com/ODc1MzE3LjN8NjczMzIxLzY3MzMyMS9Ob3RlYm9vay8xODUwMTQ0MDMyfDIyMjE5NTkuMw==/page/1609902-609,2024-01-23,4.516661625,51941.3,15
24BE8,biochemistry,new,https://mynotebook.labarchives.com/ODc1MzE3LjN8NjczMzIxLzY3MzMyMS9Ob3RlYm9vay8xODUwMTQ0MDMyfDIyMjE5NTkuMw==/page/1609902-609,2024-03-27,10.62250661,51971.1,13
BF37C,biochemistry,new,https://mynotebook.labarchives.com/ODc1MzE3LjN8NjczMzIxLzY3MzMyMS9Ob3RlYm9vay8xODUwMTQ0MDMyfDIyMjE5NTkuMw==/page/1609902-609,2024-01-23,5.487253453,51982.2,15
B34C5,biochemistry,new,https://mynotebook.labarchives.com/ODc1MzE3LjN8NjczMzIxLzY3MzMyMS9Ob3RlYm9vay8xODUwMTQ0MDMyfDIyMjE5NTkuMw==/page/1609902-609,2024-03-27,10.97273624,52080.3,11
76502,biochemistry,new,https://mynotebook.labarchives.com/ODc1MzE3LjN8NjczMzIxLzY3MzMyMS9Ob3RlYm9vay8xODUwMTQ0MDMyfDIyMjE5NTkuMw==/page/1609902-609,2024-01-24,3.739624056,54228.2,15
56990,biochemistry,new,https://mynotebook.labarchives.com/ODc1MzE3LjN8NjczMzIxLzY3MzMyMS9Ob3RlYm9vay8xODUwMTQ0MDMyfDIyMjE5NTkuMw==/page/1609902-609,2024-03-26,18.37364285,52090.1,11
59B77,biochemistry,new,https://mynotebook.labarchives.com/ODc1MzE3LjN8NjczMzIxLzY3MzMyMS9Ob3RlYm9vay8xODUwMTQ0MDMyfDIyMjE5NTkuMw==/page/1609902-609,2024-06-04,3.666023761,52240.4,15
1E15D,biochemistry,new,https://mynotebook.labarchives.com/ODc1MzE3LjN8NjczMzIxLzY3MzMyMS9Ob3RlYm9vay8xODUwMTQ0MDMyfDIyMjE5NTkuMw==/page/1609902-609,2024-03-26,18.38353218,52252.1,12
632FD,biochemistry,new,https://mynotebook.labarchives.com/ODc1MzE3LjN8NjczMzIxLzY3MzMyMS9Ob3RlYm9vay8xODUwMTQ0MDMyfDIyMjE5NTkuMw==/page/1609902-609,2024-06-04,4.7441379,52259.6,15
BE497,biochemistry,new,https://mynotebook.labarchives.com/ODc1MzE3LjN8NjczMzIxLzY3MzMyMS9Ob3RlYm9vay8xODUwMTQ0MDMyfDIyMjE5NTkuMw==/page/1609902-609,2024-06-04,5.858136467,52621.3,15
4FB2F,biochemistry,new,https://mynotebook.labarchives.com/ODc1MzE3LjN8NjczMzIxLzY3MzMyMS9Ob3RlYm9vay8xODUwMTQ0MDMyfDIyMjE5NTkuMw==/page/1609902-609,2024-06-04,8.969893492,52703.2,15
EA762,biochemistry,new,https://mynotebook.labarchives.com/ODc1MzE3LjN8NjczMzIxLzY3MzMyMS9Ob3RlYm9vay8xODUwMTQ0MDMyfDIyMjE5NTkuMw==/page/1609902-609,2024-01-23,9.12251813,52745.2,15
D03B3,biochemistry,new,https://mynotebook.labarchives.com/ODc1MzE3LjN8NjczMzIxLzY3MzMyMS9Ob3RlYm9vay8xODUwMTQ0MDMyfDIyMjE5NTkuMw==/page/1609902-609,2024-03-26,32.62933821,52754.2,15
4D931,biochemistry,new,https://mynotebook.labarchives.com/ODc1MzE3LjN8NjczMzIxLzY3MzMyMS9Ob3RlYm9vay8xODUwMTQ0MDMyfDIyMjE5NTkuMw==/page/1609902-609,2024-06-04,4.861854969,53026.6,15
A5AF4,biochemistry,new,https://mynotebook.labarchives.com/ODc1MzE3LjN8NjczMzIxLzY3MzMyMS9Ob3RlYm9vay8xODUwMTQ0MDMyfDIyMjE5NTkuMw==/page/1609902-609,2024-06-04,2.334370692,53074.5,15
78952,biochemistry,new,https://mynotebook.labarchives.com/ODc1MzE3LjN8NjczMzIxLzY3MzMyMS9Ob3RlYm9vay8xODUwMTQ0MDMyfDIyMjE5NTkuMw==/page/1609902-609,2024-06-04,2.78830986,53131.4,15
8F60A,biochemistry,new,https://mynotebook.labarchives.com/ODc1MzE3LjN8NjczMzIxLzY3MzMyMS9Ob3RlYm9vay8xODUwMTQ0MDMyfDIyMjE5NTkuMw==/page/1609902-609,2024-06-04,5.085331123,53229.5,15
A306C,biochemistry,new,https://mynotebook.labarchives.com/ODc1MzE3LjN8NjczMzIxLzY3MzMyMS9Ob3RlYm9vay8xODUwMTQ0MDMyfDIyMjE5NTkuMw==/page/1609902-609,2024-06-04,6.264654343,53237.5,15
23EE4,biochemistry,new,https://mynotebook.labarchives.com/ODc1MzE3LjN8NjczMzIxLzY3MzMyMS9Ob3RlYm9vay8xODUwMTQ0MDMyfDIyMjE5NTkuMw==/page/1609902-609,2024-03-26,11.95343765,53657.1,15
ACB01,biochemistry,new,https://mynotebook.labarchives.com/ODc1MzE3LjN8NjczMzIxLzY3MzMyMS9Ob3RlYm9vay8xODUwMTQ0MDMyfDIyMjE5NTkuMw==/page/1609902-609,2024-03-27,18.6150126,53659.1,15
4FD0A,biochemistry,new,https://mynotebook.labarchives.com/ODc1MzE3LjN8NjczMzIxLzY3MzMyMS9Ob3RlYm9vay8xODUwMTQ0MDMyfDIyMjE5NTkuMw==/page/1609902-609,2024-03-26,4.431476569,54226.1,12
6FBC3,biochemistry,new,https://mynotebook.labarchives.com/ODc1MzE3LjN8NjczMzIxLzY3MzMyMS9Ob3RlYm9vay8xODUwMTQ0MDMyfDIyMjE5NTkuMw==/page/1609902-609,2024-01-24,4.302868037,50308.2,15
1BFF5,biochemistry,new,https://mynotebook.labarchives.com/ODc1MzE3LjN8NjczMzIxLzY3MzMyMS9Ob3RlYm9vay8xODUwMTQ0MDMyfDIyMjE5NTkuMw==/page/1609902-609,2024-01-24,9.450280665,52082.2,15
EFEF8,biochemistry,new,https://mynotebook.labarchives.com/ODc1MzE3LjN8NjczMzIxLzY3MzMyMS9Ob3RlYm9vay8xODUwMTQ0MDMyfDIyMjE5NTkuMw==/page/1609902-609,2024-01-24,4.336623932,50572.1,15
F2517,biochemistry,new,https://mynotebook.labarchives.com/ODc1MzE3LjN8NjczMzIxLzY3MzMyMS9Ob3RlYm9vay8xODUwMTQ0MDMyfDIyMjE5NTkuMw==/page/1609902-609,2024-03-26,3.33083605,54250.1,15
5F09B,biochemistry,new,https://mynotebook.labarchives.com/ODc1MzE3LjN8NjczMzIxLzY3MzMyMS9Ob3RlYm9vay8xODUwMTQ0MDMyfDIyMjE5NTkuMw==/page/1609902-609,2024-01-23,6.756280437,54264.2,15
80993,biochemistry,new,https://mynotebook.labarchives.com/ODc1MzE3LjN8NjczMzIxLzY3MzMyMS9Ob3RlYm9vay8xODUwMTQ0MDMyfDIyMjE5NTkuMw==/page/1609902-609,2024-06-04,4.690858746,54273.1,15
5B731,biochemistry,new,https://mynotebook.labarchives.com/ODc1MzE3LjN8NjczMzIxLzY3MzMyMS9Ob3RlYm9vay8xODUwMTQ0MDMyfDIyMjE5NTkuMw==/page/1609902-609,2024-01-23,7.902330028,58557.1,15
3C997,biochemistry,new,https://mynotebook.labarchives.com/ODc1MzE3LjN8NjczMzIxLzY3MzMyMS9Ob3RlYm9vay8xODUwMTQ0MDMyfDIyMjE5NTkuMw==/page/1609902-609,2024-06-04,4.965762488,73574.2,15
02C79,biochemistry,new,https://mynotebook.labarchives.com/ODc1MzE3LjN8NjczMzIxLzY3MzMyMS9Ob3RlYm9vay8xODUwMTQ0MDMyfDIyMjE5NTkuMw==/page/1609902-609,2024-03-27,7.301103467,73654.1,15
94217,biochemistry,new,https://mynotebook.labarchives.com/ODc1MzE3LjN8NjczMzIxLzY3MzMyMS9Ob3RlYm9vay8xODUwMTQ0MDMyfDIyMjE5NTkuMw==/page/1609902-609,2024-03-27,8.979419103,83289.2,15
B719A,biochemistry,new,https://mynotebook.labarchives.com/ODc1MzE3LjN8NjczMzIxLzY3MzMyMS9Ob3RlYm9vay8xODUwMTQ0MDMyfDIyMjE5NTkuMw==/page/1609902-609,2024-01-24,11.53076733,83679.7,15
92A04,biochemistry,new,https://mynotebook.labarchives.com/ODc1MzE3LjN8NjczMzIxLzY3MzMyMS9Ob3RlYm9vay8xODUwMTQ0MDMyfDIyMjE5NTkuMw==/page/1609902-609,2024-01-24,16.87912987,84322.6,15
B6F52,biochemistry,new,https://mynotebook.labarchives.com/ODc1MzE3LjN8NjczMzIxLzY3MzMyMS9Ob3RlYm9vay8xODUwMTQ0MDMyfDIyMjE5NTkuMw==/page/1609902-609,2024-03-27,17.02147144,84171.1,12
38DA5,biochemistry,new,https://mynotebook.labarchives.com/ODc1MzE3LjN8NjczMzIxLzY3MzMyMS9Ob3RlYm9vay8xODUwMTQ0MDMyfDIyMjE5NTkuMw==/page/1609902-609,2024-06-04,6.122780381,84268.1,15
40812,biochemistry,new,https://mynotebook.labarchives.com/ODc1MzE3LjN8NjczMzIxLzY3MzMyMS9Ob3RlYm9vay8xODUwMTQ0MDMyfDIyMjE5NTkuMw==/page/1609902-609,2024-01-24,19.23053913,83996.1,12
ABA2F,biochemistry,new,https://mynotebook.labarchives.com/ODc1MzE3LjN8NjczMzIxLzY3MzMyMS9Ob3RlYm9vay8xODUwMTQ0MDMyfDIyMjE5NTkuMw==/page/1609902-609,2024-06-04,5.541603936,84356.1,15
6E1DD,biochemistry,new,https://mynotebook.labarchives.com/ODc1MzE3LjN8NjczMzIxLzY3MzMyMS9Ob3RlYm9vay8xODUwMTQ0MDMyfDIyMjE5NTkuMw==/page/1609902-609,2024-06-04,3.274152463,86789.3,15
117E0,biochemistry,new,https://mynotebook.labarchives.com/ODc1MzE3LjN8NjczMzIxLzY3MzMyMS9Ob3RlYm9vay8xODUwMTQ0MDMyfDIyMjE5NTkuMw==/page/1609902-609,2024-03-27,8.046330755,89785.8,15
