record_id,redcap_repeat_instrument,redcap_repeat_instance,gel_prop_data_url,gel_prop_expt_date,gel_prop_titin_n2ba,gel_prop_spec_number,gel_prop_region
5155D,gel_proportion,new,https://mynotebook.labarchives.com/ODc1MzE3LjN8NjczMzIxLzY3MzMyMS9Ob3RlYm9vay8xODUwMTQ0MDMyfDIyMjE5NTkuMw==/page/1609902-606,2024-08-06,0.358235910888964,53019.7,15
632FD,gel_proportion,new,https://mynotebook.labarchives.com/ODc1MzE3LjN8NjczMzIxLzY3MzMyMS9Ob3RlYm9vay8xODUwMTQ0MDMyfDIyMjE5NTkuMw==/page/1609902-606,2024-08-06,0.368310436630568,52259.6,15
4B3FA,gel_proportion,new,https://mynotebook.labarchives.com/ODc1MzE3LjN8NjczMzIxLzY3MzMyMS9Ob3RlYm9vay8xODUwMTQ0MDMyfDIyMjE5NTkuMw==/page/1609902-606,2024-08-06,0.467206758014759,52854.9,15
BE318,gel_proportion,new,https://mynotebook.labarchives.com/ODc1MzE3LjN8NjczMzIxLzY3MzMyMS9Ob3RlYm9vay8xODUwMTQ0MDMyfDIyMjE5NTkuMw==/page/1609902-606,2024-08-06,0.423749223679284,91066.1,15
B23E3,gel_proportion,new,https://mynotebook.labarchives.com/ODc1MzE3LjN8NjczMzIxLzY3MzMyMS9Ob3RlYm9vay8xODUwMTQ0MDMyfDIyMjE5NTkuMw==/page/1609902-606,2024-08-06,0.369745371773756,52778.3,13
2914F,gel_proportion,new,https://mynotebook.labarchives.com/ODc1MzE3LjN8NjczMzIxLzY3MzMyMS9Ob3RlYm9vay8xODUwMTQ0MDMyfDIyMjE5NTkuMw==/page/1609902-606,2024-08-06,0.297746854864221,83357.1,15
B25DF,gel_proportion,new,https://mynotebook.labarchives.com/ODc1MzE3LjN8NjczMzIxLzY3MzMyMS9Ob3RlYm9vay8xODUwMTQ0MDMyfDIyMjE5NTkuMw==/page/1609902-606,2024-08-06,0.444858818144895,54246.1,15
F00EF,gel_proportion,new,https://mynotebook.labarchives.com/ODc1MzE3LjN8NjczMzIxLzY3MzMyMS9Ob3RlYm9vay8xODUwMTQ0MDMyfDIyMjE5NTkuMw==/page/1609902-606,2024-08-06,0.467119312797833,91568.1,15
71451,gel_proportion,new,https://mynotebook.labarchives.com/ODc1MzE3LjN8NjczMzIxLzY3MzMyMS9Ob3RlYm9vay8xODUwMTQ0MDMyfDIyMjE5NTkuMw==/page/1609902-606,2024-08-06,0.497881512214882,56916.3,15
78677,gel_proportion,new,https://mynotebook.labarchives.com/ODc1MzE3LjN8NjczMzIxLzY3MzMyMS9Ob3RlYm9vay8xODUwMTQ0MDMyfDIyMjE5NTkuMw==/page/1609902-606,2024-08-06,0.549892525493371,53948.3,15
5155D,gel_proportion,new,https://mynotebook.labarchives.com/ODc1MzE3LjN8NjczMzIxLzY3MzMyMS9Ob3RlYm9vay8xODUwMTQ0MDMyfDIyMjE5NTkuMw==/page/1609902-606,2024-08-06,0.36492207035174,53019.7,15
632FD,gel_proportion,new,https://mynotebook.labarchives.com/ODc1MzE3LjN8NjczMzIxLzY3MzMyMS9Ob3RlYm9vay8xODUwMTQ0MDMyfDIyMjE5NTkuMw==/page/1609902-606,2024-08-06,0.392593135763517,52259.6,15
4B3FA,gel_proportion,new,https://mynotebook.labarchives.com/ODc1MzE3LjN8NjczMzIxLzY3MzMyMS9Ob3RlYm9vay8xODUwMTQ0MDMyfDIyMjE5NTkuMw==/page/1609902-606,2024-08-06,0.467039190961265,52854.9,15
BE318,gel_proportion,new,https://mynotebook.labarchives.com/ODc1MzE3LjN8NjczMzIxLzY3MzMyMS9Ob3RlYm9vay8xODUwMTQ0MDMyfDIyMjE5NTkuMw==/page/1609902-606,2024-08-06,0.370511240035235,91066.1,15
B23E3,gel_proportion,new,https://mynotebook.labarchives.com/ODc1MzE3LjN8NjczMzIxLzY3MzMyMS9Ob3RlYm9vay8xODUwMTQ0MDMyfDIyMjE5NTkuMw==/page/1609902-606,2024-08-06,0.331472268588033,52778.3,13
0F84D,gel_proportion,new,https://mynotebook.labarchives.com/ODc1MzE3LjN8NjczMzIxLzY3MzMyMS9Ob3RlYm9vay8xODUwMTQ0MDMyfDIyMjE5NTkuMw==/page/1609902-606,2024-08-06,0.37976063663679,53136.3,15
6AFB1,gel_proportion,new,https://mynotebook.labarchives.com/ODc1MzE3LjN8NjczMzIxLzY3MzMyMS9Ob3RlYm9vay8xODUwMTQ0MDMyfDIyMjE5NTkuMw==/page/1609902-606,2024-08-06,0.476448267941458,80908.1,15
93EED,gel_proportion,new,https://mynotebook.labarchives.com/ODc1MzE3LjN8NjczMzIxLzY3MzMyMS9Ob3RlYm9vay8xODUwMTQ0MDMyfDIyMjE5NTkuMw==/page/1609902-606,2024-08-06,0.490554383154252,52814.1,15
43149,gel_proportion,new,https://mynotebook.labarchives.com/ODc1MzE3LjN8NjczMzIxLzY3MzMyMS9Ob3RlYm9vay8xODUwMTQ0MDMyfDIyMjE5NTkuMw==/page/1609902-606,2024-08-06,0.368106528616495,52756.3,15
B0018,gel_proportion,new,https://mynotebook.labarchives.com/ODc1MzE3LjN8NjczMzIxLzY3MzMyMS9Ob3RlYm9vay8xODUwMTQ0MDMyfDIyMjE5NTkuMw==/page/1609902-606,2024-08-06,0.621669427524156,84840.1,15
DC737,gel_proportion,new,https://mynotebook.labarchives.com/ODc1MzE3LjN8NjczMzIxLzY3MzMyMS9Ob3RlYm9vay8xODUwMTQ0MDMyfDIyMjE5NTkuMw==/page/1609902-606,2024-08-06,0.532439361529989,52805.3,13
E067B,gel_proportion,new,https://mynotebook.labarchives.com/ODc1MzE3LjN8NjczMzIxLzY3MzMyMS9Ob3RlYm9vay8xODUwMTQ0MDMyfDIyMjE5NTkuMw==/page/1609902-606,2024-08-06,0.441713699715446,53142.5,15
E9D4C,gel_proportion,new,https://mynotebook.labarchives.com/ODc1MzE3LjN8NjczMzIxLzY3MzMyMS9Ob3RlYm9vay8xODUwMTQ0MDMyfDIyMjE5NTkuMw==/page/1609902-606,2024-12-06,0.254272842484042,54207.4,15
0F84D,gel_proportion,new,https://mynotebook.labarchives.com/ODc1MzE3LjN8NjczMzIxLzY3MzMyMS9Ob3RlYm9vay8xODUwMTQ0MDMyfDIyMjE5NTkuMw==/page/1609902-606,2024-12-06,0.412304297987104,53136.3,15
9B600,gel_proportion,new,https://mynotebook.labarchives.com/ODc1MzE3LjN8NjczMzIxLzY3MzMyMS9Ob3RlYm9vay8xODUwMTQ0MDMyfDIyMjE5NTkuMw==/page/1609902-606,2024-12-06,0.549014080072984,50588.9,15
EF5CB,gel_proportion,new,https://mynotebook.labarchives.com/ODc1MzE3LjN8NjczMzIxLzY3MzMyMS9Ob3RlYm9vay8xODUwMTQ0MDMyfDIyMjE5NTkuMw==/page/1609902-606,2024-11-09,0.478117213013856,54242.1,13
BE497,gel_proportion,new,https://mynotebook.labarchives.com/ODc1MzE3LjN8NjczMzIxLzY3MzMyMS9Ob3RlYm9vay8xODUwMTQ0MDMyfDIyMjE5NTkuMw==/page/1609902-606,2024-12-06,0.445499017187373,52621.3,15
0B3EF,gel_proportion,new,https://mynotebook.labarchives.com/ODc1MzE3LjN8NjczMzIxLzY3MzMyMS9Ob3RlYm9vay8xODUwMTQ0MDMyfDIyMjE5NTkuMw==/page/1609902-606,2024-12-06,0.256309562366679,54197.1,15
3C997,gel_proportion,new,https://mynotebook.labarchives.com/ODc1MzE3LjN8NjczMzIxLzY3MzMyMS9Ob3RlYm9vay8xODUwMTQ0MDMyfDIyMjE5NTkuMw==/page/1609902-606,2024-12-06,0.305912323287181,73574.2,15
E5D61,gel_proportion,new,https://mynotebook.labarchives.com/ODc1MzE3LjN8NjczMzIxLzY3MzMyMS9Ob3RlYm9vay8xODUwMTQ0MDMyfDIyMjE5NTkuMw==/page/1609902-606,2024-12-06,0.451924740716297,53122.4,15
6AFB1,gel_proportion,new,https://mynotebook.labarchives.com/ODc1MzE3LjN8NjczMzIxLzY3MzMyMS9Ob3RlYm9vay8xODUwMTQ0MDMyfDIyMjE5NTkuMw==/page/1609902-606,2024-12-06,0.580390646233042,80908.2,15
B0018,gel_proportion,new,https://mynotebook.labarchives.com/ODc1MzE3LjN8NjczMzIxLzY3MzMyMS9Ob3RlYm9vay8xODUwMTQ0MDMyfDIyMjE5NTkuMw==/page/1609902-606,2024-12-06,0.47070633533411,84840.1,15
98868,gel_proportion,new,https://mynotebook.labarchives.com/ODc1MzE3LjN8NjczMzIxLzY3MzMyMS9Ob3RlYm9vay8xODUwMTQ0MDMyfDIyMjE5NTkuMw==/page/1609902-606,2024-12-06,0.42864114374337,54216.2,15
9B600,gel_proportion,new,https://mynotebook.labarchives.com/ODc1MzE3LjN8NjczMzIxLzY3MzMyMS9Ob3RlYm9vay8xODUwMTQ0MDMyfDIyMjE5NTkuMw==/page/1609902-606,2024-12-06,0.594049814022635,50588.9,15
1B082,gel_proportion,new,https://mynotebook.labarchives.com/ODc1MzE3LjN8NjczMzIxLzY3MzMyMS9Ob3RlYm9vay8xODUwMTQ0MDMyfDIyMjE5NTkuMw==/page/1609902-606,2024-12-06,0.739200941539184,53048.7,15
8CB30,gel_proportion,new,https://mynotebook.labarchives.com/ODc1MzE3LjN8NjczMzIxLzY3MzMyMS9Ob3RlYm9vay8xODUwMTQ0MDMyfDIyMjE5NTkuMw==/page/1609902-606,2024-11-09,0.380111636318262,52861.7,15
78677,gel_proportion,new,https://mynotebook.labarchives.com/ODc1MzE3LjN8NjczMzIxLzY3MzMyMS9Ob3RlYm9vay8xODUwMTQ0MDMyfDIyMjE5NTkuMw==/page/1609902-606,2024-11-09,0.445030516225187,53948.3,15
DC737,gel_proportion,new,https://mynotebook.labarchives.com/ODc1MzE3LjN8NjczMzIxLzY3MzMyMS9Ob3RlYm9vay8xODUwMTQ0MDMyfDIyMjE5NTkuMw==/page/1609902-606,2024-11-09,0.531547218075929,52805.3,13
3B62D,gel_proportion,new,https://mynotebook.labarchives.com/ODc1MzE3LjN8NjczMzIxLzY3MzMyMS9Ob3RlYm9vay8xODUwMTQ0MDMyfDIyMjE5NTkuMw==/page/1609902-606,2024-11-09,0.407607003600107,53043.1,15
43149,gel_proportion,new,https://mynotebook.labarchives.com/ODc1MzE3LjN8NjczMzIxLzY3MzMyMS9Ob3RlYm9vay8xODUwMTQ0MDMyfDIyMjE5NTkuMw==/page/1609902-606,2024-11-09,0.532574939360937,52756.3,15
93EED,gel_proportion,new,https://mynotebook.labarchives.com/ODc1MzE3LjN8NjczMzIxLzY3MzMyMS9Ob3RlYm9vay8xODUwMTQ0MDMyfDIyMjE5NTkuMw==/page/1609902-606,2024-11-09,0.534720346206924,52814.1,15
B23E3,gel_proportion,new,https://mynotebook.labarchives.com/ODc1MzE3LjN8NjczMzIxLzY3MzMyMS9Ob3RlYm9vay8xODUwMTQ0MDMyfDIyMjE5NTkuMw==/page/1609902-606,2024-11-09,0.53448868590942,52777.7,13
94BFD,gel_proportion,new,https://mynotebook.labarchives.com/ODc1MzE3LjN8NjczMzIxLzY3MzMyMS9Ob3RlYm9vay8xODUwMTQ0MDMyfDIyMjE5NTkuMw==/page/1609902-606,2024-11-09,0.559728129218842,54199.2,15
78BBB,gel_proportion,new,https://mynotebook.labarchives.com/ODc1MzE3LjN8NjczMzIxLzY3MzMyMS9Ob3RlYm9vay8xODUwMTQ0MDMyfDIyMjE5NTkuMw==/page/1609902-606,2024-11-09,0.417149480187891,51985.4,15
8296A,gel_proportion,new,https://mynotebook.labarchives.com/ODc1MzE3LjN8NjczMzIxLzY3MzMyMS9Ob3RlYm9vay8xODUwMTQ0MDMyfDIyMjE5NTkuMw==/page/1609902-606,2024-11-09,0.541395775581738,53032.4,15
5845F,gel_proportion,new,https://mynotebook.labarchives.com/ODc1MzE3LjN8NjczMzIxLzY3MzMyMS9Ob3RlYm9vay8xODUwMTQ0MDMyfDIyMjE5NTkuMw==/page/1609902-606,2024-11-09,0.577864421418376,57356.8,15
2508D,gel_proportion,new,https://mynotebook.labarchives.com/ODc1MzE3LjN8NjczMzIxLzY3MzMyMS9Ob3RlYm9vay8xODUwMTQ0MDMyfDIyMjE5NTkuMw==/page/1609902-606,2024-11-09,0.638344249341123,53217.1,15
2256F,gel_proportion,new,https://mynotebook.labarchives.com/ODc1MzE3LjN8NjczMzIxLzY3MzMyMS9Ob3RlYm9vay8xODUwMTQ0MDMyfDIyMjE5NTkuMw==/page/1609902-606,2024-11-09,0.603075381987675,84332.7,15
3C997,gel_proportion,new,https://mynotebook.labarchives.com/ODc1MzE3LjN8NjczMzIxLzY3MzMyMS9Ob3RlYm9vay8xODUwMTQ0MDMyfDIyMjE5NTkuMw==/page/1609902-606,2024-11-09,0.464254522072081,73574.2,15
8296A,gel_proportion,new,https://mynotebook.labarchives.com/ODc1MzE3LjN8NjczMzIxLzY3MzMyMS9Ob3RlYm9vay8xODUwMTQ0MDMyfDIyMjE5NTkuMw==/page/1609902-606,2024-11-09,0.675315778264898,53032.4,15
2508D,gel_proportion,new,https://mynotebook.labarchives.com/ODc1MzE3LjN8NjczMzIxLzY3MzMyMS9Ob3RlYm9vay8xODUwMTQ0MDMyfDIyMjE5NTkuMw==/page/1609902-606,2024-11-09,0.447402021381636,53217.1,15
BE497,gel_proportion,new,https://mynotebook.labarchives.com/ODc1MzE3LjN8NjczMzIxLzY3MzMyMS9Ob3RlYm9vay8xODUwMTQ0MDMyfDIyMjE5NTkuMw==/page/1609902-606,2024-11-09,0.551146622207232,52621.3,15
0D5A4,gel_proportion,new,https://mynotebook.labarchives.com/ODc1MzE3LjN8NjczMzIxLzY3MzMyMS9Ob3RlYm9vay8xODUwMTQ0MDMyfDIyMjE5NTkuMw==/page/1609902-606,2024-11-09,0.519998854841007,53589.6,15
