record_id,redcap_repeat_instrument,redcap_repeat_instance,gel_phos_data_url,gel_phos_expt_date,gel_phos_tni_phostag_moles,gel_phos_spec_number,gel_phos_region
1E2BE,gel_phosphorylation,new,https://mynotebook.labarchives.com/ODc1MzE3LjN8NjczMzIxLzY3MzMyMS9Ob3RlYm9vay8xODUwMTQ0MDMyfDIyMjE5NTkuMw==/page/1609902-729,2026-06-17,0.294850261185751,51733.1,12
61311,gel_phosphorylation,new,https://mynotebook.labarchives.com/ODc1MzE3LjN8NjczMzIxLzY3MzMyMS9Ob3RlYm9vay8xODUwMTQ0MDMyfDIyMjE5NTkuMw==/page/1609902-729,2026-06-17,0.72298326034489,83057.1,12
36EC6,gel_phosphorylation,new,https://mynotebook.labarchives.com/ODc1MzE3LjN8NjczMzIxLzY3MzMyMS9Ob3RlYm9vay8xODUwMTQ0MDMyfDIyMjE5NTkuMw==/page/1609902-729,2026-06-17,0.176687369965354,73641.2,12
A4A2E,gel_phosphorylation,new,https://mynotebook.labarchives.com/ODc1MzE3LjN8NjczMzIxLzY3MzMyMS9Ob3RlYm9vay8xODUwMTQ0MDMyfDIyMjE5NTkuMw==/page/1609902-729,2026-06-17,0.851759708234354,50794.1,13
78952,gel_phosphorylation,new,https://mynotebook.labarchives.com/ODc1MzE3LjN8NjczMzIxLzY3MzMyMS9Ob3RlYm9vay8xODUwMTQ0MDMyfDIyMjE5NTkuMw==/page/1609902-729,2026-06-17,1.17795091878761,53130.2,13
25BD9,gel_phosphorylation,new,https://mynotebook.labarchives.com/ODc1MzE3LjN8NjczMzIxLzY3MzMyMS9Ob3RlYm9vay8xODUwMTQ0MDMyfDIyMjE5NTkuMw==/page/1609902-729,2026-06-17,0.317172306273685,86873.4,15
3C46B,gel_phosphorylation,new,https://mynotebook.labarchives.com/ODc1MzE3LjN8NjczMzIxLzY3MzMyMS9Ob3RlYm9vay8xODUwMTQ0MDMyfDIyMjE5NTkuMw==/page/1609902-729,2026-06-17,1.44334808893639,97149.21,15
4D931,gel_phosphorylation,new,https://mynotebook.labarchives.com/ODc1MzE3LjN8NjczMzIxLzY3MzMyMS9Ob3RlYm9vay8xODUwMTQ0MDMyfDIyMjE5NTkuMw==/page/1609902-729,2026-06-17,1.50544808959794,53026.12,15
98E4F,gel_phosphorylation,new,https://mynotebook.labarchives.com/ODc1MzE3LjN8NjczMzIxLzY3MzMyMS9Ob3RlYm9vay8xODUwMTQ0MDMyfDIyMjE5NTkuMw==/page/1609902-729,2026-06-17,0.855679872712134,89803.1,15
835ED,gel_phosphorylation,new,https://mynotebook.labarchives.com/ODc1MzE3LjN8NjczMzIxLzY3MzMyMS9Ob3RlYm9vay8xODUwMTQ0MDMyfDIyMjE5NTkuMw==/page/1609902-729,2026-06-17,1.99999999999933,104127.1,15
5C3F3,gel_phosphorylation,new,https://mynotebook.labarchives.com/ODc1MzE3LjN8NjczMzIxLzY3MzMyMS9Ob3RlYm9vay8xODUwMTQ0MDMyfDIyMjE5NTkuMw==/page/1609902-729,2026-06-17,0.666942212625316,92724.2,15
719B3,gel_phosphorylation,new,https://mynotebook.labarchives.com/ODc1MzE3LjN8NjczMzIxLzY3MzMyMS9Ob3RlYm9vay8xODUwMTQ0MDMyfDIyMjE5NTkuMw==/page/1609902-729,2026-06-17,1.93885007466517,98919.18,11
D5E09,gel_phosphorylation,new,https://mynotebook.labarchives.com/ODc1MzE3LjN8NjczMzIxLzY3MzMyMS9Ob3RlYm9vay8xODUwMTQ0MDMyfDIyMjE5NTkuMw==/page/1609902-729,2026-06-17,0.458250307622371,51739.1,12
144AE,gel_phosphorylation,new,https://mynotebook.labarchives.com/ODc1MzE3LjN8NjczMzIxLzY3MzMyMS9Ob3RlYm9vay8xODUwMTQ0MDMyfDIyMjE5NTkuMw==/page/1609902-729,2026-06-17,1.02707527480353,93681.2,12
DD0B0,gel_phosphorylation,new,https://mynotebook.labarchives.com/ODc1MzE3LjN8NjczMzIxLzY3MzMyMS9Ob3RlYm9vay8xODUwMTQ0MDMyfDIyMjE5NTkuMw==/page/1609902-729,2026-06-17,1.18854144386,100338.1,12
0A105,gel_phosphorylation,new,https://mynotebook.labarchives.com/ODc1MzE3LjN8NjczMzIxLzY3MzMyMS9Ob3RlYm9vay8xODUwMTQ0MDMyfDIyMjE5NTkuMw==/page/1609902-729,2026-06-17,0.813591934171386,51078.4,13
D8822,gel_phosphorylation,new,https://mynotebook.labarchives.com/ODc1MzE3LjN8NjczMzIxLzY3MzMyMS9Ob3RlYm9vay8xODUwMTQ0MDMyfDIyMjE5NTkuMw==/page/1609902-729,2026-06-17,0.502542522977165,52840.4,13
8F60A,gel_phosphorylation,new,https://mynotebook.labarchives.com/ODc1MzE3LjN8NjczMzIxLzY3MzMyMS9Ob3RlYm9vay8xODUwMTQ0MDMyfDIyMjE5NTkuMw==/page/1609902-729,2026-06-17,0.109406357784565,53229.6,15
72417,gel_phosphorylation,new,https://mynotebook.labarchives.com/ODc1MzE3LjN8NjczMzIxLzY3MzMyMS9Ob3RlYm9vay8xODUwMTQ0MDMyfDIyMjE5NTkuMw==/page/1609902-729,2026-06-17,0.876529640065789,95541.23,15
AC18E,gel_phosphorylation,new,https://mynotebook.labarchives.com/ODc1MzE3LjN8NjczMzIxLzY3MzMyMS9Ob3RlYm9vay8xODUwMTQ0MDMyfDIyMjE5NTkuMw==/page/1609902-729,2026-06-17,1.67217375216984,98911.6,15
19EC8,gel_phosphorylation,new,https://mynotebook.labarchives.com/ODc1MzE3LjN8NjczMzIxLzY3MzMyMS9Ob3RlYm9vay8xODUwMTQ0MDMyfDIyMjE5NTkuMw==/page/1609902-729,2026-06-17,1.71857631394034,100080.10,15
D0F54,gel_phosphorylation,new,https://mynotebook.labarchives.com/ODc1MzE3LjN8NjczMzIxLzY3MzMyMS9Ob3RlYm9vay8xODUwMTQ0MDMyfDIyMjE5NTkuMw==/page/1609902-729,2026-06-17,0.86679905395529,52903.10,15
4473F,gel_phosphorylation,new,https://mynotebook.labarchives.com/ODc1MzE3LjN8NjczMzIxLzY3MzMyMS9Ob3RlYm9vay8xODUwMTQ0MDMyfDIyMjE5NTkuMw==/page/1609902-729,2026-06-17,0.528657905587601,52929.3,15
CE170,gel_phosphorylation,new,https://mynotebook.labarchives.com/ODc1MzE3LjN8NjczMzIxLzY3MzMyMS9Ob3RlYm9vay8xODUwMTQ0MDMyfDIyMjE5NTkuMw==/page/1609902-729,2026-06-17,1.98217618565875,103778.11,15
